   ,     #_
   ~\_  ####_        Amazon Linux 2023
  ~~  \_#####\
  ~~     \###|
  ~~       \#/ ___   https://aws.amazon.com/linux/amazon-linux-2023
   ~~       V~' '->
    ~~~         /
      ~~._.   _/
         _/ _/
       _/m/'
Last login: Wed May 22 15:32:27 2024 from 3.16.146.5
[ec2-user@ip-10-2-10-162 ~]$ mysql -h primary-rds-replica.co1vj11wjuym.us-east-2.rds.amazonaws.com -u admin -p
Enter password: 
Welcome to the MariaDB monitor.  Commands end with ; or \g.
Your MySQL connection id is 9
Server version: 8.0.35 Source distribution

Copyright (c) 2000, 2018, Oracle, MariaDB Corporation Ab and others.

Type 'help;' or '\h' for help. Type '\c' to clear the current input statement.

MySQL [(none)]> use udacity;
Reading table information for completion of table and column names
You can turn off this feature to get a quicker startup with -A

Database changed
MySQL [udacity]> show tables;
+-------------------+
| Tables_in_udacity |
+-------------------+
| user              |
+-------------------+
1 row in set (0.003 sec)

MySQL [udacity]> select * from user;
+----+-------+-------------------+
| id | name  | email             |
+----+-------+-------------------+
|  1 | Peter | peter@example.com |
|  2 | Jane  | jane@example.com  |
+----+-------+-------------------+
2 rows in set (0.001 sec)

MySQL [udacity]> INSERT INTO user (id, name, email)
    -> VALUES (3, 'Marry', 'marry@example.com');
Query OK, 1 row affected (0.017 sec)

MySQL [udacity]> select * from user;
+----+-------+-------------------+
| id | name  | email             |
+----+-------+-------------------+
|  1 | Peter | peter@example.com |
|  2 | Jane  | jane@example.com  |
|  3 | Marry | marry@example.com |
+----+-------+-------------------+
3 rows in set (0.001 sec)

MySQL [udacity]> exit
Bye
[ec2-user@ip-10-2-10-162 ~]$ 